{
    "format_version": "1.8.0",
    "animations": {
        "animation.lann.attack": {
            "loop": false,
            "animation_length": 1,
            "bones": {
                "RightArm": {
                    "rotation": {
                        "0.0": [0, 0, 0],
                        "0.0417": [-2.10577, 2.46575, 2.71446],
                        "0.0833": [-10.91624, 21.46172, 23.62654],
                        "0.125": [-39.32269, 23.92746, 26.341],
                        "0.1667": [-75.2054, 19.14308, 23.62654],
                        "0.2083": [-87.12054, -17.71561, 2.71446],
                        "0.25": [-90, -22.5, 0],
                        "0.2917": [-84.60909, -21.15227, 0],
                        "0.3333": [-68.54077, -17.13519, 0],
                        "0.4167": [-21.45923, -5.36481, 0],
                        "0.4583": [-5.39091, -1.34773, 0],
                        "0.5": [0, 0, 0]
                    }
                }
            }
        },
        "animation.lann.attack2": {
            "animation_length": 0.75,
            "bones": {
                "RightArm": {
                    "rotation": {
                        "0.0": [0, 0, 0],
                        "0.0417": [0, 0, 2.83845],
                        "0.125": [0, 0, 32.16155],
                        "0.1667": [0, 0, 35],
                        "0.2083": [0, 0, 33.29536],
                        "0.25": [0, 0, 29.16258],
                        "0.2917": [0, 0, 23.64788],
                        "0.375": [0, 0, 11.35212],
                        "0.4167": [0, 0, 5.83742],
                        "0.4583": [0, 0, 1.70464],
                        "0.5": [0, 0, 0]
                    }
                },
                "Body": {"rotation": [0, 0, 0]},
                "LeftArm": {
                    "rotation": {
                        "0.0": [0, 0, 0],
                        "0.0417": [0, 0, -2.83845],
                        "0.125": [0, 0, -32.16155],
                        "0.1667": [0, 0, -35],
                        "0.2083": [0, 0, -33.29536],
                        "0.25": [0, 0, -29.16258],
                        "0.2917": [0, 0, -23.64788],
                        "0.375": [0, 0, -11.35212],
                        "0.4167": [0, 0, -5.83742],
                        "0.4583": [0, 0, -1.70464],
                        "0.5": [0, 0, 0]
                    }
                },
                "RightLeg": {
                    "rotation": {
                        "0.0": [0, 0, 0],
                        "0.0417": [-9.73184, 0, 0],
                        "0.125": [-110.26816, 0, 0],
                        "0.1667": [-120, 0, 0],
                        "0.3333": [-120, 0, 0],
                        "0.375": [-110.26816, 0, 0],
                        "0.4583": [-9.73184, 0, 0],
                        "0.5": [0, 0, 0]
                    }
                }
            }
        },
        "animation.lann.summon": {
            "animation_length": 3,
            "bones": {
                "LeftArm": {"rotation": {"0.0": [0, 0, 0], "1.5": [0, 0, -160], "2.8333": [0, 0, -160], "3.0": [0, 0, 0]}},
                "RightArm": {"rotation": {"0.0": [0, 0, 0], "1.5": [0, 0, 160], "2.8333": [0, 0, 160], "3.0": [0, 0, 0]}},
                "Head": {"rotation": {"0.0": [0, 0, 0], "1.5": [-60, 0, 0], "2.8333": [-60, 0, 0], "3.0": [0, 0, 0]}}
            }
        }
    }
}